country,region,happiness_rank,happiness_score,year
Australia,Australia and New Zealand,10,7.284,2015
Australia,Australia and New Zealand,9,7.313,2016
Australia,Australia and New Zealand,10,7.28399991989136,2017
Australia,Australia and New Zealand,10,7.272,2018
Australia,Australia and New Zealand,11,7.228,2019
Australia,Australia and New Zealand,11,7.222799778,2020
New Zealand,Australia and New Zealand,9,7.286,2015
New Zealand,Australia and New Zealand,8,7.334,2016
New Zealand,Australia and New Zealand,8,7.31400012969971,2017
New Zealand,Australia and New Zealand,8,7.324,2018
New Zealand,Australia and New Zealand,8,7.307,2019
New Zealand,Australia and New Zealand,7,7.299600123999999,2020
Albania,Central and Eastern Europe,95,4.959,2015
Albania,Central and Eastern Europe,109,4.655,2016
Albania,Central and Eastern Europe,109,4.64400005340576,2017
Albania,Central and Eastern Europe,112,4.586,2018
Albania,Central and Eastern Europe,107,4.718999999999999,2019
Albania,Central and Eastern Europe,104,4.882699966000001,2020
Armenia,Central and Eastern Europe,127,4.35,2015
Armenia,Central and Eastern Europe,121,4.36,2016
Armenia,Central and Eastern Europe,121,4.37599992752075,2017
Armenia,Central and Eastern Europe,129,4.321000000000001,2018
Armenia,Central and Eastern Europe,116,4.559,2019
Armenia,Central and Eastern Europe,115,4.676799774,2020
Azerbaijan,Central and Eastern Europe,80,5.212000000000001,2015
Azerbaijan,Central and Eastern Europe,81,5.291,2016
Azerbaijan,Central and Eastern Europe,85,5.234000205993651,2017
Azerbaijan,Central and Eastern Europe,87,5.2010000000000005,2018
Azerbaijan,Central and Eastern Europe,90,5.207999999999999,2019
Azerbaijan,Central and Eastern Europe,88,5.164800167,2020
Belarus,Central and Eastern Europe,59,5.813,2015
Belarus,Central and Eastern Europe,61,5.8020000000000005,2016
Belarus,Central and Eastern Europe,67,5.5689997673034695,2017
Belarus,Central and Eastern Europe,73,5.483,2018
Belarus,Central and Eastern Europe,81,5.323,2019
Belarus,Central and Eastern Europe,74,5.539899826,2020
Bosnia and Herzegovina,Central and Eastern Europe,96,4.949,2015
Bosnia and Herzegovina,Central and Eastern Europe,87,5.162999999999999,2016
Bosnia and Herzegovina,Central and Eastern Europe,90,5.18200016021729,2017
Bosnia and Herzegovina,Central and Eastern Europe,93,5.129,2018
Bosnia and Herzegovina,Central and Eastern Europe,78,5.386,2019
Bosnia and Herzegovina,Central and Eastern Europe,68,5.674099922000001,2020
Bulgaria,Central and Eastern Europe,134,4.218,2015
Bulgaria,Central and Eastern Europe,129,4.217,2016
Bulgaria,Central and Eastern Europe,105,4.71400022506714,2017
Bulgaria,Central and Eastern Europe,100,4.933,2018
Bulgaria,Central and Eastern Europe,97,5.011,2019
Bulgaria,Central and Eastern Europe,95,5.101500034,2020
Croatia,Central and Eastern Europe,62,5.759,2015
Croatia,Central and Eastern Europe,74,5.488,2016
Croatia,Central and Eastern Europe,77,5.2930002212524405,2017
Croatia,Central and Eastern Europe,82,5.321000000000001,2018
Croatia,Central and Eastern Europe,75,5.432,2019
Croatia,Central and Eastern Europe,78,5.504700184,2020
Czech Republic,Central and Eastern Europe,31,6.505,2015
Czech Republic,Central and Eastern Europe,27,6.596,2016
Czech Republic,Central and Eastern Europe,23,6.60900020599365,2017
Czech Republic,Central and Eastern Europe,21,6.711,2018
Czech Republic,Central and Eastern Europe,20,6.852,2019
Czech Republic,Central and Eastern Europe,18,6.9109001160000005,2020
Estonia,Central and Eastern Europe,73,5.428999999999999,2015
Estonia,Central and Eastern Europe,72,5.517,2016
Estonia,Central and Eastern Europe,66,5.61100006103516,2017
Estonia,Central and Eastern Europe,63,5.739,2018
Estonia,Central and Eastern Europe,55,5.893,2019
Estonia,Central and Eastern Europe,50,6.0218000410000005,2020
Georgia,Central and Eastern Europe,130,4.297,2015
Georgia,Central and Eastern Europe,126,4.252,2016
Georgia,Central and Eastern Europe,125,4.28599977493286,2017
Georgia,Central and Eastern Europe,128,4.34,2018
Georgia,Central and Eastern Europe,119,4.519,2019
Georgia,Central and Eastern Europe,116,4.672599792,2020
Hungary,Central and Eastern Europe,104,4.8,2015
Hungary,Central and Eastern Europe,91,5.145,2016
Hungary,Central and Eastern Europe,75,5.32399988174438,2017
Hungary,Central and Eastern Europe,69,5.62,2018
Hungary,Central and Eastern Europe,62,5.757999999999999,2019
Hungary,Central and Eastern Europe,52,6.000400066,2020
Kazakhstan,Central and Eastern Europe,54,5.855,2015
Kazakhstan,Central and Eastern Europe,54,5.919,2016
Kazakhstan,Central and Eastern Europe,60,5.8189997673034695,2017
Kazakhstan,Central and Eastern Europe,60,5.79,2018
Kazakhstan,Central and Eastern Europe,60,5.809,2019
Kazakhstan,Central and Eastern Europe,49,6.0578999520000005,2020
Kosovo,Central and Eastern Europe,69,5.589,2015
Kosovo,Central and Eastern Europe,77,5.401,2016
Kosovo,Central and Eastern Europe,78,5.27899980545044,2017
Kosovo,Central and Eastern Europe,66,5.662000000000001,2018
Kosovo,Central and Eastern Europe,46,6.1,2019
Kosovo,Central and Eastern Europe,34,6.325200081,2020
Kyrgyzstan,Central and Eastern Europe,77,5.2860000000000005,2015
Kyrgyzstan,Central and Eastern Europe,85,5.185,2016
Kyrgyzstan,Central and Eastern Europe,98,5.0040001869201705,2017
Kyrgyzstan,Central and Eastern Europe,92,5.131,2018
Kyrgyzstan,Central and Eastern Europe,86,5.261,2019
Kyrgyzstan,Central and Eastern Europe,73,5.541500092000001,2020
Latvia,Central and Eastern Europe,89,5.098,2015
Latvia,Central and Eastern Europe,68,5.56,2016
Latvia,Central and Eastern Europe,54,5.849999904632571,2017
Latvia,Central and Eastern Europe,53,5.933,2018
Latvia,Central and Eastern Europe,53,5.94,2019
Latvia,Central and Eastern Europe,56,5.949999809,2020
Lithuania,Central and Eastern Europe,56,5.832999999999999,2015
Lithuania,Central and Eastern Europe,60,5.813,2016
Lithuania,Central and Eastern Europe,52,5.90199995040894,2017
Lithuania,Central and Eastern Europe,50,5.952000000000001,2018
Lithuania,Central and Eastern Europe,42,6.149,2019
Lithuania,Central and Eastern Europe,40,6.215499877999999,2020
Moldova,Central and Eastern Europe,52,5.888999999999999,2015
Moldova,Central and Eastern Europe,55,5.897,2016
Moldova,Central and Eastern Europe,56,5.837999820709231,2017
Moldova,Central and Eastern Europe,67,5.64,2018
Moldova,Central and Eastern Europe,71,5.529,2019
Moldova,Central and Eastern Europe,69,5.607500076,2020
Montenegro,Central and Eastern Europe,82,5.192,2015
Montenegro,Central and Eastern Europe,88,5.1610000000000005,2016
Montenegro,Central and Eastern Europe,83,5.23699998855591,2017
Montenegro,Central and Eastern Europe,81,5.347,2018
Montenegro,Central and Eastern Europe,73,5.523,2019
Montenegro,Central and Eastern Europe,71,5.54610014,2020
Poland,Central and Eastern Europe,60,5.791,2015
Poland,Central and Eastern Europe,57,5.835,2016
Poland,Central and Eastern Europe,46,5.97300004959106,2017
Poland,Central and Eastern Europe,42,6.122999999999999,2018
Poland,Central and Eastern Europe,40,6.182,2019
Poland,Central and Eastern Europe,42,6.1862998010000005,2020
Romania,Central and Eastern Europe,86,5.124,2015
Romania,Central and Eastern Europe,71,5.528,2016
Romania,Central and Eastern Europe,57,5.824999809265139,2017
Romania,Central and Eastern Europe,52,5.945,2018
Romania,Central and Eastern Europe,48,6.07,2019
Romania,Central and Eastern Europe,46,6.123700142000001,2020
Russia,Central and Eastern Europe,64,5.716,2015
Russia,Central and Eastern Europe,56,5.856,2016
Russia,Central and Eastern Europe,49,5.962999820709231,2017
Russia,Central and Eastern Europe,59,5.81,2018
Russia,Central and Eastern Europe,68,5.648,2019
Russia,Central and Eastern Europe,72,5.546000004,2020
Serbia,Central and Eastern Europe,87,5.122999999999999,2015
Serbia,Central and Eastern Europe,86,5.1770000000000005,2016
Serbia,Central and Eastern Europe,73,5.39499998092651,2017
Serbia,Central and Eastern Europe,78,5.398,2018
Serbia,Central and Eastern Europe,70,5.603,2019
Serbia,Central and Eastern Europe,63,5.77820015,2020
Slovakia,Central and Eastern Europe,45,5.995,2015
Slovakia,Central and Eastern Europe,45,6.077999999999999,2016
Slovakia,Central and Eastern Europe,40,6.09800004959106,2017
Slovakia,Central and Eastern Europe,39,6.172999999999999,2018
Slovakia,Central and Eastern Europe,38,6.198,2019
Slovakia,Central and Eastern Europe,36,6.280600071,2020
Slovenia,Central and Eastern Europe,55,5.848,2015
Slovenia,Central and Eastern Europe,63,5.768,2016
Slovenia,Central and Eastern Europe,62,5.75799989700317,2017
Slovenia,Central and Eastern Europe,51,5.948,2018
Slovenia,Central and Eastern Europe,44,6.117999999999999,2019
Slovenia,Central and Eastern Europe,32,6.363399982000001,2020
Tajikistan,Central and Eastern Europe,106,4.7860000000000005,2015
Tajikistan,Central and Eastern Europe,100,4.996,2016
Tajikistan,Central and Eastern Europe,96,5.04099988937378,2017
Tajikistan,Central and Eastern Europe,88,5.199,2018
Tajikistan,Central and Eastern Europe,74,5.4670000000000005,2019
Tajikistan,Central and Eastern Europe,70,5.555699825,2020
Turkmenistan,Central and Eastern Europe,70,5.547999999999999,2015
Turkmenistan,Central and Eastern Europe,65,5.658,2016
Turkmenistan,Central and Eastern Europe,59,5.82200002670288,2017
Turkmenistan,Central and Eastern Europe,68,5.636,2018
Turkmenistan,Central and Eastern Europe,87,5.247000000000001,2019
Turkmenistan,Central and Eastern Europe,94,5.119100093999999,2020
Ukraine,Central and Eastern Europe,111,4.681,2015
Ukraine,Central and Eastern Europe,123,4.324,2016
Ukraine,Central and Eastern Europe,132,4.09600019454956,2017
Ukraine,Central and Eastern Europe,138,4.103,2018
Ukraine,Central and Eastern Europe,133,4.332,2019
Ukraine,Central and Eastern Europe,122,4.56069994,2020
Uzbekistan,Central and Eastern Europe,44,6.002999999999999,2015
Uzbekistan,Central and Eastern Europe,49,5.987,2016
Uzbekistan,Central and Eastern Europe,47,5.97100019454956,2017
Uzbekistan,Central and Eastern Europe,44,6.096,2018
Uzbekistan,Central and Eastern Europe,41,6.174,2019
Uzbekistan,Central and Eastern Europe,37,6.257599831,2020
China,Eastern Asia,84,5.14,2015
China,Eastern Asia,83,5.245,2016
China,Eastern Asia,79,5.2729997634887695,2017
China,Eastern Asia,86,5.246,2018
China,Eastern Asia,93,5.191,2019
China,Eastern Asia,93,5.123899937,2020
Japan,Eastern Asia,46,5.987,2015
Japan,Eastern Asia,53,5.921,2016
Japan,Eastern Asia,51,5.92000007629395,2017
Japan,Eastern Asia,54,5.915,2018
Japan,Eastern Asia,58,5.886,2019
Japan,Eastern Asia,61,5.870800018,2020
Mongolia,Eastern Asia,100,4.874,2015
Mongolia,Eastern Asia,101,4.907,2016
Mongolia,Eastern Asia,100,4.95499992370605,2017
Mongolia,Eastern Asia,94,5.125,2018
Mongolia,Eastern Asia,83,5.285,2019
Mongolia,Eastern Asia,80,5.456200123,2020
South Korea,Eastern Asia,47,5.984,2015
South Korea,Eastern Asia,57,5.835,2016
South Korea,Eastern Asia,55,5.837999820709231,2017
South Korea,Eastern Asia,57,5.875,2018
South Korea,Eastern Asia,54,5.895,2019
South Korea,Eastern Asia,60,5.872399807000001,2020
Taiwan,Eastern Asia,38,6.297999999999999,2015
Taiwan,Eastern Asia,34,6.379,2016
Taiwan,Eastern Asia,33,6.42199993133545,2017
Taiwan,Eastern Asia,26,6.441,2018
Taiwan,Eastern Asia,25,6.446000000000001,2019
Taiwan,Eastern Asia,24,6.45539999,2020
Argentina,Latin America and Caribbean,30,6.574,2015
Argentina,Latin America and Caribbean,26,6.65,2016
Argentina,Latin America and Caribbean,24,6.59899997711182,2017
Argentina,Latin America and Caribbean,29,6.388,2018
Argentina,Latin America and Caribbean,47,6.086,2019
Argentina,Latin America and Caribbean,54,5.974699974,2020
Bolivia,Latin America and Caribbean,51,5.89,2015
Bolivia,Latin America and Caribbean,59,5.822,2016
Bolivia,Latin America and Caribbean,58,5.82299995422363,2017
Bolivia,Latin America and Caribbean,62,5.752000000000001,2018
Bolivia,Latin America and Caribbean,61,5.779,2019
Bolivia,Latin America and Caribbean,64,5.747499942999999,2020
Brazil,Latin America and Caribbean,16,6.983,2015
Brazil,Latin America and Caribbean,17,6.952000000000001,2016
Brazil,Latin America and Caribbean,22,6.63500022888184,2017
Brazil,Latin America and Caribbean,28,6.419,2018
Brazil,Latin America and Caribbean,32,6.3,2019
Brazil,Latin America and Caribbean,31,6.375599861,2020
Chile,Latin America and Caribbean,27,6.67,2015
Chile,Latin America and Caribbean,24,6.705,2016
Chile,Latin America and Caribbean,20,6.65199995040894,2017
Chile,Latin America and Caribbean,25,6.476,2018
Chile,Latin America and Caribbean,26,6.444,2019
Chile,Latin America and Caribbean,38,6.228499889,2020
Colombia,Latin America and Caribbean,33,6.477,2015
Colombia,Latin America and Caribbean,31,6.481,2016
Colombia,Latin America and Caribbean,36,6.35699987411499,2017
Colombia,Latin America and Caribbean,37,6.26,2018
Colombia,Latin America and Caribbean,43,6.125,2019
Colombia,Latin America and Caribbean,43,6.163400172999999,2020
Costa Rica,Latin America and Caribbean,12,7.226,2015
Costa Rica,Latin America and Caribbean,14,7.087000000000001,2016
Costa Rica,Latin America and Caribbean,12,7.0789999961853,2017
Costa Rica,Latin America and Caribbean,13,7.072,2018
Costa Rica,Latin America and Caribbean,12,7.167000000000001,2019
Costa Rica,Latin America and Caribbean,14,7.121399879,2020
Dominican Republic,Latin America and Caribbean,98,4.885,2015
Dominican Republic,Latin America and Caribbean,89,5.155,2016
Dominican Republic,Latin America and Caribbean,86,5.230000019073491,2017
Dominican Republic,Latin America and Caribbean,83,5.3020000000000005,2018
Dominican Republic,Latin America and Caribbean,77,5.425,2019
Dominican Republic,Latin America and Caribbean,67,5.689199924,2020
Ecuador,Latin America and Caribbean,48,5.975,2015
Ecuador,Latin America and Caribbean,51,5.976,2016
Ecuador,Latin America and Caribbean,44,6.00799989700317,2017
Ecuador,Latin America and Caribbean,48,5.973,2018
Ecuador,Latin America and Caribbean,50,6.028,2019
Ecuador,Latin America and Caribbean,57,5.925199986,2020
El Salvador,Latin America and Caribbean,42,6.13,2015
El Salvador,Latin America and Caribbean,46,6.068,2016
El Salvador,Latin America and Caribbean,45,6.002999782562259,2017
El Salvador,Latin America and Caribbean,40,6.167000000000001,2018
El Salvador,Latin America and Caribbean,35,6.252999999999999,2019
El Salvador,Latin America and Caribbean,33,6.34829998,2020
Guatemala,Latin America and Caribbean,43,6.122999999999999,2015
Guatemala,Latin America and Caribbean,39,6.324,2016
Guatemala,Latin America and Caribbean,29,6.4539999961853,2017
Guatemala,Latin America and Caribbean,30,6.382000000000001,2018
Guatemala,Latin America and Caribbean,27,6.436,2019
Guatemala,Latin America and Caribbean,28,6.398900032,2020
Honduras,Latin America and Caribbean,105,4.788,2015
Honduras,Latin America and Caribbean,104,4.871,2016
Honduras,Latin America and Caribbean,91,5.1810002326965305,2017
Honduras,Latin America and Caribbean,72,5.504,2018
Honduras,Latin America and Caribbean,59,5.86,2019
Honduras,Latin America and Caribbean,55,5.953199862999999,2020
Jamaica,Latin America and Caribbean,65,5.709,2015
Jamaica,Latin America and Caribbean,73,5.51,2016
Jamaica,Latin America and Caribbean,76,5.31099987030029,2017
Jamaica,Latin America and Caribbean,56,5.89,2018
Jamaica,Latin America and Caribbean,56,5.89,2019
Jamaica,Latin America and Caribbean,59,5.889800072000001,2020
Mexico,Latin America and Caribbean,14,7.187,2015
Mexico,Latin America and Caribbean,21,6.778,2016
Mexico,Latin America and Caribbean,25,6.57800006866455,2017
Mexico,Latin America and Caribbean,24,6.488,2018
Mexico,Latin America and Caribbean,23,6.595,2019
Mexico,Latin America and Caribbean,23,6.465000152999999,2020
Nicaragua,Latin America and Caribbean,57,5.827999999999999,2015
Nicaragua,Latin America and Caribbean,48,5.992000000000001,2016
Nicaragua,Latin America and Caribbean,43,6.07100009918213,2017
Nicaragua,Latin America and Caribbean,41,6.141,2018
Nicaragua,Latin America and Caribbean,45,6.105,2019
Nicaragua,Latin America and Caribbean,45,6.13710022,2020
Panama,Latin America and Caribbean,25,6.7860000000000005,2015
Panama,Latin America and Caribbean,25,6.7010000000000005,2016
Panama,Latin America and Caribbean,30,6.4520001411438,2017
Panama,Latin America and Caribbean,27,6.43,2018
Panama,Latin America and Caribbean,31,6.321000000000001,2019
Panama,Latin America and Caribbean,35,6.304800033999999,2020
Paraguay,Latin America and Caribbean,53,5.877999999999999,2015
Paraguay,Latin America and Caribbean,70,5.537999999999999,2016
Paraguay,Latin America and Caribbean,70,5.493000030517581,2017
Paraguay,Latin America and Caribbean,64,5.681,2018
Paraguay,Latin America and Caribbean,63,5.742999999999999,2019
Paraguay,Latin America and Caribbean,66,5.692100048,2020
Peru,Latin America and Caribbean,58,5.824,2015
Peru,Latin America and Caribbean,64,5.742999999999999,2016
Peru,Latin America and Caribbean,63,5.71500015258789,2017
Peru,Latin America and Caribbean,65,5.662999999999999,2018
Peru,Latin America and Caribbean,65,5.697,2019
Peru,Latin America and Caribbean,62,5.796800137000001,2020
Uruguay,Latin America and Caribbean,32,6.485,2015
Uruguay,Latin America and Caribbean,29,6.545,2016
Uruguay,Latin America and Caribbean,28,6.4539999961853,2017
Uruguay,Latin America and Caribbean,31,6.379,2018
Uruguay,Latin America and Caribbean,33,6.292999999999999,2019
Uruguay,Latin America and Caribbean,25,6.440100192999999,2020
Venezuela,Latin America and Caribbean,23,6.81,2015
Venezuela,Latin America and Caribbean,44,6.084,2016
Venezuela,Latin America and Caribbean,82,5.25,2017
Venezuela,Latin America and Caribbean,102,4.806,2018
Venezuela,Latin America and Caribbean,108,4.707,2019
Venezuela,Latin America and Caribbean,98,5.053199768,2020
Algeria,Middle East and Northern Africa,68,5.605,2015
Algeria,Middle East and Northern Africa,38,6.355,2016
Algeria,Middle East and Northern Africa,53,5.872000217437741,2017
Algeria,Middle East and Northern Africa,84,5.295,2018
Algeria,Middle East and Northern Africa,88,5.211,2019
Algeria,Middle East and Northern Africa,99,5.005099773,2020
Bahrain,Middle East and Northern Africa,49,5.96,2015
Bahrain,Middle East and Northern Africa,42,6.218,2016
Bahrain,Middle East and Northern Africa,41,6.08699989318848,2017
Bahrain,Middle East and Northern Africa,43,6.105,2018
Bahrain,Middle East and Northern Africa,37,6.199,2019
Bahrain,Middle East and Northern Africa,39,6.227300167,2020
Egypt,Middle East and Northern Africa,135,4.194,2015
Egypt,Middle East and Northern Africa,120,4.362,2016
Egypt,Middle East and Northern Africa,104,4.7350001335144,2017
Egypt,Middle East and Northern Africa,122,4.419,2018
Egypt,Middle East and Northern Africa,137,4.166,2019
Egypt,Middle East and Northern Africa,137,4.151400089,2020
Iran,Middle East and Northern Africa,110,4.686,2015
Iran,Middle East and Northern Africa,105,4.813,2016
Iran,Middle East and Northern Africa,108,4.69199991226196,2017
Iran,Middle East and Northern Africa,106,4.707,2018
Iran,Middle East and Northern Africa,117,4.548,2019
Iran,Middle East and Northern Africa,117,4.672399998,2020
Iraq,Middle East and Northern Africa,112,4.677,2015
Iraq,Middle East and Northern Africa,112,4.575,2016
Iraq,Middle East and Northern Africa,117,4.49700021743774,2017
Iraq,Middle East and Northern Africa,117,4.456,2018
Iraq,Middle East and Northern Africa,126,4.437,2019
Iraq,Middle East and Northern Africa,109,4.7848000530000006,2020
Israel,Middle East and Northern Africa,11,7.278,2015
Israel,Middle East and Northern Africa,11,7.267,2016
Israel,Middle East and Northern Africa,11,7.212999820709231,2017
Israel,Middle East and Northern Africa,19,6.814,2018
Israel,Middle East and Northern Africa,13,7.138999999999999,2019
Israel,Middle East and Northern Africa,13,7.128600121,2020
Jordan,Middle East and Northern Africa,82,5.192,2015
Jordan,Middle East and Northern Africa,80,5.303,2016
Jordan,Middle East and Northern Africa,74,5.33599996566772,2017
Jordan,Middle East and Northern Africa,90,5.1610000000000005,2018
Jordan,Middle East and Northern Africa,101,4.906000000000001,2019
Jordan,Middle East and Northern Africa,118,4.6333999630000005,2020
Kuwait,Middle East and Northern Africa,39,6.295,2015
Kuwait,Middle East and Northern Africa,41,6.239,2016
Kuwait,Middle East and Northern Africa,39,6.10500001907349,2017
Kuwait,Middle East and Northern Africa,45,6.082999999999999,2018
Kuwait,Middle East and Northern Africa,51,6.021,2019
Kuwait,Middle East and Northern Africa,47,6.102099895,2020
Lebanon,Middle East and Northern Africa,103,4.839,2015
Lebanon,Middle East and Northern Africa,93,5.129,2016
Lebanon,Middle East and Northern Africa,88,5.22499990463257,2017
Lebanon,Middle East and Northern Africa,80,5.358,2018
Lebanon,Middle East and Northern Africa,91,5.197,2019
Lebanon,Middle East and Northern Africa,110,4.771500111,2020
Libya,Middle East and Northern Africa,63,5.754,2015
Libya,Middle East and Northern Africa,67,5.615,2016
Libya,Middle East and Northern Africa,68,5.525000095367429,2017
Libya,Middle East and Northern Africa,70,5.566,2018
Libya,Middle East and Northern Africa,72,5.525,2019
Libya,Middle East and Northern Africa,79,5.488800049,2020
Morocco,Middle East and Northern Africa,92,5.013,2015
Morocco,Middle East and Northern Africa,90,5.151,2016
Morocco,Middle East and Northern Africa,84,5.2350001335144,2017
Morocco,Middle East and Northern Africa,85,5.254,2018
Morocco,Middle East and Northern Africa,89,5.207999999999999,2019
Morocco,Middle East and Northern Africa,96,5.094799995,2020
Palestinian Territories,Middle East and Northern Africa,108,4.715,2015
Palestinian Territories,Middle East and Northern Africa,108,4.754,2016
Palestinian Territories,Middle East and Northern Africa,103,4.77500009536743,2017
Palestinian Territories,Middle East and Northern Africa,104,4.743,2018
Palestinian Territories,Middle East and Northern Africa,110,4.696000000000001,2019
Palestinian Territories,Middle East and Northern Africa,124,4.552800179,2020
Saudi Arabia,Middle East and Northern Africa,35,6.4110000000000005,2015
Saudi Arabia,Middle East and Northern Africa,34,6.379,2016
Saudi Arabia,Middle East and Northern Africa,37,6.343999862670901,2017
Saudi Arabia,Middle East and Northern Africa,33,6.371,2018
Saudi Arabia,Middle East and Northern Africa,28,6.375,2019
Saudi Arabia,Middle East and Northern Africa,26,6.406499863,2020
Tunisia,Middle East and Northern Africa,107,4.739,2015
Tunisia,Middle East and Northern Africa,98,5.045,2016
Tunisia,Middle East and Northern Africa,102,4.80499982833862,2017
Tunisia,Middle East and Northern Africa,111,4.592,2018
Tunisia,Middle East and Northern Africa,124,4.461,2019
Tunisia,Middle East and Northern Africa,127,4.392199993,2020
Turkey,Middle East and Northern Africa,76,5.332000000000001,2015
Turkey,Middle East and Northern Africa,78,5.388999999999999,2016
Turkey,Middle East and Northern Africa,69,5.5,2017
Turkey,Middle East and Northern Africa,74,5.483,2018
Turkey,Middle East and Northern Africa,79,5.372999999999999,2019
Turkey,Middle East and Northern Africa,92,5.131800175,2020
United Arab Emirates,Middle East and Northern Africa,20,6.901,2015
United Arab Emirates,Middle East and Northern Africa,28,6.573,2016
United Arab Emirates,Middle East and Northern Africa,21,6.6479997634887695,2017
United Arab Emirates,Middle East and Northern Africa,20,6.774,2018
United Arab Emirates,Middle East and Northern Africa,21,6.825,2019
United Arab Emirates,Middle East and Northern Africa,20,6.790800095,2020
Yemen,Middle East and Northern Africa,136,4.077,2015
Yemen,Middle East and Northern Africa,147,3.724,2016
Yemen,Middle East and Northern Africa,146,3.59299993515015,2017
Yemen,Middle East and Northern Africa,152,3.355,2018
Yemen,Middle East and Northern Africa,151,3.38,2019
Yemen,Middle East and Northern Africa,145,3.527400017,2020
Canada,North America,5,7.427,2015
Canada,North America,6,7.404,2016
Canada,North America,7,7.31599998474121,2017
Canada,North America,7,7.327999999999999,2018
Canada,North America,9,7.278,2019
Canada,North America,10,7.23210001,2020
United States,North America,15,7.119,2015
United States,North America,13,7.104,2016
United States,North America,14,6.993000030517581,2017
United States,North America,18,6.886,2018
United States,North America,19,6.892,2019
United States,North America,17,6.939599991000001,2020
Cambodia,Southeastern Asia,145,3.819,2015
Cambodia,Southeastern Asia,140,3.907,2016
Cambodia,Southeastern Asia,129,4.1680002212524405,2017
Cambodia,Southeastern Asia,120,4.433,2018
Cambodia,Southeastern Asia,109,4.7,2019
Cambodia,Southeastern Asia,105,4.8484001160000005,2020
Indonesia,Southeastern Asia,74,5.399,2015
Indonesia,Southeastern Asia,79,5.314,2016
Indonesia,Southeastern Asia,81,5.26200008392334,2017
Indonesia,Southeastern Asia,96,5.093,2018
Indonesia,Southeastern Asia,92,5.192,2019
Indonesia,Southeastern Asia,83,5.285600185,2020
Malaysia,Southeastern Asia,61,5.77,2015
Malaysia,Southeastern Asia,47,6.005,2016
Malaysia,Southeastern Asia,42,6.08400011062622,2017
Malaysia,Southeastern Asia,35,6.322,2018
Malaysia,Southeastern Asia,80,5.339,2019
Malaysia,Southeastern Asia,81,5.384300232,2020
Myanmar,Southeastern Asia,129,4.307,2015
Myanmar,Southeastern Asia,119,4.395,2016
Myanmar,Southeastern Asia,114,4.54500007629395,2017
Myanmar,Southeastern Asia,130,4.308,2018
Myanmar,Southeastern Asia,131,4.36,2019
Myanmar,Southeastern Asia,132,4.308000088,2020
Philippines,Southeastern Asia,90,5.073,2015
Philippines,Southeastern Asia,82,5.279,2016
Philippines,Southeastern Asia,72,5.42999982833862,2017
Philippines,Southeastern Asia,71,5.524,2018
Philippines,Southeastern Asia,69,5.631,2019
Philippines,Southeastern Asia,51,6.006000042,2020
Singapore,Southeastern Asia,24,6.797999999999999,2015
Singapore,Southeastern Asia,22,6.739,2016
Singapore,Southeastern Asia,26,6.57200002670288,2017
Singapore,Southeastern Asia,34,6.343,2018
Singapore,Southeastern Asia,34,6.2620000000000005,2019
Singapore,Southeastern Asia,30,6.377099991000001,2020
Thailand,Southeastern Asia,34,6.455,2015
Thailand,Southeastern Asia,33,6.474,2016
Thailand,Southeastern Asia,32,6.423999786376951,2017
Thailand,Southeastern Asia,46,6.072,2018
Thailand,Southeastern Asia,52,6.007999999999999,2019
Thailand,Southeastern Asia,53,5.9987998010000005,2020
Vietnam,Southeastern Asia,75,5.36,2015
Vietnam,Southeastern Asia,96,5.061,2016
Vietnam,Southeastern Asia,94,5.07399988174438,2017
Vietnam,Southeastern Asia,95,5.103,2018
Vietnam,Southeastern Asia,94,5.175,2019
Vietnam,Southeastern Asia,82,5.353499889,2020
Afghanistan,Southern Asia,153,3.575,2015
Afghanistan,Southern Asia,154,3.36,2016
Afghanistan,Southern Asia,141,3.79399991035461,2017
Afghanistan,Southern Asia,145,3.632,2018
Afghanistan,Southern Asia,154,3.2030000000000003,2019
Afghanistan,Southern Asia,152,2.566900015,2020
Bangladesh,Southern Asia,109,4.694,2015
Bangladesh,Southern Asia,110,4.643,2016
Bangladesh,Southern Asia,110,4.60799980163574,2017
Bangladesh,Southern Asia,115,4.5,2018
Bangladesh,Southern Asia,125,4.456,2019
Bangladesh,Southern Asia,106,4.832799911,2020
India,Southern Asia,117,4.565,2015
India,Southern Asia,118,4.404,2016
India,Southern Asia,122,4.31500005722046,2017
India,Southern Asia,133,4.19,2018
India,Southern Asia,140,4.015,2019
India,Southern Asia,143,3.573299885,2020
Nepal,Southern Asia,121,4.513999999999999,2015
Nepal,Southern Asia,107,4.793,2016
Nepal,Southern Asia,99,4.961999893188481,2017
Nepal,Southern Asia,101,4.88,2018
Nepal,Southern Asia,100,4.913,2019
Nepal,Southern Asia,91,5.137199879,2020
Pakistan,Southern Asia,81,5.194,2015
Pakistan,Southern Asia,92,5.132000000000001,2016
Pakistan,Southern Asia,80,5.26900005340576,2017
Pakistan,Southern Asia,75,5.472,2018
Pakistan,Southern Asia,67,5.653,2019
Pakistan,Southern Asia,65,5.69329977,2020
Sri Lanka,Southern Asia,132,4.271,2015
Sri Lanka,Southern Asia,117,4.415,2016
Sri Lanka,Southern Asia,120,4.44000005722046,2017
Sri Lanka,Southern Asia,116,4.471,2018
Sri Lanka,Southern Asia,130,4.3660000000000005,2019
Sri Lanka,Southern Asia,129,4.327000141,2020
Benin,Sub-Saharan Africa,155,3.34,2015
Benin,Sub-Saharan Africa,153,3.484,2016
Benin,Sub-Saharan Africa,143,3.65700006484985,2017
Benin,Sub-Saharan Africa,136,4.141,2018
Benin,Sub-Saharan Africa,102,4.883,2019
Benin,Sub-Saharan Africa,85,5.21600008,2020
Botswana,Sub-Saharan Africa,128,4.332,2015
Botswana,Sub-Saharan Africa,137,3.974,2016
Botswana,Sub-Saharan Africa,142,3.7660000324249294,2017
Botswana,Sub-Saharan Africa,146,3.59,2018
Botswana,Sub-Saharan Africa,148,3.488,2019
Botswana,Sub-Saharan Africa,146,3.478899956,2020
Burkina Faso,Sub-Saharan Africa,152,3.587,2015
Burkina Faso,Sub-Saharan Africa,145,3.739,2016
Burkina Faso,Sub-Saharan Africa,134,4.03200006484985,2017
Burkina Faso,Sub-Saharan Africa,121,4.424,2018
Burkina Faso,Sub-Saharan Africa,115,4.587,2019
Burkina Faso,Sub-Saharan Africa,111,4.768700123,2020
Cameroon,Sub-Saharan Africa,133,4.252,2015
Cameroon,Sub-Saharan Africa,114,4.513,2016
Cameroon,Sub-Saharan Africa,107,4.69500017166138,2017
Cameroon,Sub-Saharan Africa,99,4.975,2018
Cameroon,Sub-Saharan Africa,96,5.044,2019
Cameroon,Sub-Saharan Africa,97,5.084899902,2020
Chad,Sub-Saharan Africa,149,3.667,2015
Chad,Sub-Saharan Africa,144,3.763,2016
Chad,Sub-Saharan Africa,137,3.9360001087188703,2017
Chad,Sub-Saharan Africa,131,4.301,2018
Chad,Sub-Saharan Africa,132,4.35,2019
Chad,Sub-Saharan Africa,126,4.422699928,2020
Ethiopia,Sub-Saharan Africa,122,4.512,2015
Ethiopia,Sub-Saharan Africa,115,4.508,2016
Ethiopia,Sub-Saharan Africa,119,4.46000003814697,2017
Ethiopia,Sub-Saharan Africa,127,4.35,2018
Ethiopia,Sub-Saharan Africa,134,4.2860000000000005,2019
Ethiopia,Sub-Saharan Africa,135,4.186200142,2020
Gabon,Sub-Saharan Africa,143,3.896,2015
Gabon,Sub-Saharan Africa,134,4.121,2016
Gabon,Sub-Saharan Africa,118,4.46500015258789,2017
Gabon,Sub-Saharan Africa,103,4.758,2018
Gabon,Sub-Saharan Africa,104,4.799,2019
Gabon,Sub-Saharan Africa,107,4.829299927,2020
Ghana,Sub-Saharan Africa,114,4.633,2015
Ghana,Sub-Saharan Africa,124,4.276,2016
Ghana,Sub-Saharan Africa,131,4.11999988555908,2017
Ghana,Sub-Saharan Africa,108,4.657,2018
Ghana,Sub-Saharan Africa,98,4.996,2019
Ghana,Sub-Saharan Africa,90,5.1479997630000005,2020
Guinea,Sub-Saharan Africa,150,3.656,2015
Guinea,Sub-Saharan Africa,151,3.607,2016
Guinea,Sub-Saharan Africa,149,3.50699996948242,2017
Guinea,Sub-Saharan Africa,140,3.964,2018
Guinea,Sub-Saharan Africa,118,4.534,2019
Guinea,Sub-Saharan Africa,101,4.949299812,2020
Ivory Coast,Sub-Saharan Africa,151,3.655,2015
Ivory Coast,Sub-Saharan Africa,139,3.916,2016
Ivory Coast,Sub-Saharan Africa,128,4.17999982833862,2017
Ivory Coast,Sub-Saharan Africa,107,4.671,2018
Ivory Coast,Sub-Saharan Africa,99,4.944,2019
Ivory Coast,Sub-Saharan Africa,84,5.233300208999999,2020
Kenya,Sub-Saharan Africa,125,4.419,2015
Kenya,Sub-Saharan Africa,122,4.356,2016
Kenya,Sub-Saharan Africa,112,4.55299997329712,2017
Kenya,Sub-Saharan Africa,124,4.41,2018
Kenya,Sub-Saharan Africa,121,4.509,2019
Kenya,Sub-Saharan Africa,120,4.583000183,2020
Liberia,Sub-Saharan Africa,116,4.571000000000001,2015
Liberia,Sub-Saharan Africa,150,3.622,2016
Liberia,Sub-Saharan Africa,148,3.532999992370609,2017
Liberia,Sub-Saharan Africa,149,3.495,2018
Liberia,Sub-Saharan Africa,141,3.975,2019
Liberia,Sub-Saharan Africa,123,4.557899952,2020
Madagascar,Sub-Saharan Africa,147,3.681,2015
Madagascar,Sub-Saharan Africa,148,3.695,2016
Madagascar,Sub-Saharan Africa,144,3.64400005340576,2017
Madagascar,Sub-Saharan Africa,143,3.774,2018
Madagascar,Sub-Saharan Africa,143,3.933,2019
Madagascar,Sub-Saharan Africa,136,4.165599823,2020
Malawi,Sub-Saharan Africa,131,4.292,2015
Malawi,Sub-Saharan Africa,132,4.156000000000001,2016
Malawi,Sub-Saharan Africa,136,3.97000002861023,2017
Malawi,Sub-Saharan Africa,147,3.587,2018
Malawi,Sub-Saharan Africa,150,3.41,2019
Malawi,Sub-Saharan Africa,144,3.538000107,2020
Mali,Sub-Saharan Africa,138,3.995,2015
Mali,Sub-Saharan Africa,135,4.073,2016
Mali,Sub-Saharan Africa,127,4.19000005722046,2017
Mali,Sub-Saharan Africa,118,4.447,2018
Mali,Sub-Saharan Africa,128,4.39,2019
Mali,Sub-Saharan Africa,113,4.729300021999999,2020
Mauritania,Sub-Saharan Africa,124,4.436,2015
Mauritania,Sub-Saharan Africa,130,4.2010000000000005,2016
Mauritania,Sub-Saharan Africa,123,4.29199981689453,2017
Mauritania,Sub-Saharan Africa,126,4.356,2018
Mauritania,Sub-Saharan Africa,122,4.49,2019
Mauritania,Sub-Saharan Africa,128,4.374599934,2020
Mauritius,Sub-Saharan Africa,71,5.477,2015
Mauritius,Sub-Saharan Africa,66,5.648,2016
Mauritius,Sub-Saharan Africa,64,5.62900018692017,2017
Mauritius,Sub-Saharan Africa,55,5.891,2018
Mauritius,Sub-Saharan Africa,57,5.888,2019
Mauritius,Sub-Saharan Africa,48,6.101299762999999,2020
Niger,Sub-Saharan Africa,144,3.845,2015
Niger,Sub-Saharan Africa,142,3.856,2016
Niger,Sub-Saharan Africa,135,4.02799987792969,2017
Niger,Sub-Saharan Africa,134,4.166,2018
Niger,Sub-Saharan Africa,114,4.628,2019
Niger,Sub-Saharan Africa,102,4.909599781,2020
Nigeria,Sub-Saharan Africa,78,5.268,2015
Nigeria,Sub-Saharan Africa,103,4.875,2016
Nigeria,Sub-Saharan Africa,95,5.07399988174438,2017
Nigeria,Sub-Saharan Africa,91,5.155,2018
Nigeria,Sub-Saharan Africa,85,5.265,2019
Nigeria,Sub-Saharan Africa,114,4.724100113,2020
Rwanda,Sub-Saharan Africa,154,3.465,2015
Rwanda,Sub-Saharan Africa,152,3.515,2016
Rwanda,Sub-Saharan Africa,151,3.47099995613098,2017
Rwanda,Sub-Saharan Africa,151,3.408,2018
Rwanda,Sub-Saharan Africa,152,3.334,2019
Rwanda,Sub-Saharan Africa,149,3.312299967,2020
Senegal,Sub-Saharan Africa,142,3.904,2015
Senegal,Sub-Saharan Africa,128,4.218999999999999,2016
Senegal,Sub-Saharan Africa,115,4.53499984741211,2017
Senegal,Sub-Saharan Africa,109,4.631,2018
Senegal,Sub-Saharan Africa,111,4.681,2019
Senegal,Sub-Saharan Africa,100,4.980800152,2020
Sierra Leone,Sub-Saharan Africa,123,4.507,2015
Sierra Leone,Sub-Saharan Africa,111,4.635,2016
Sierra Leone,Sub-Saharan Africa,106,4.70900011062622,2017
Sierra Leone,Sub-Saharan Africa,113,4.571000000000001,2018
Sierra Leone,Sub-Saharan Africa,129,4.374,2019
Sierra Leone,Sub-Saharan Africa,138,3.926399946,2020
South Africa,Sub-Saharan Africa,113,4.642,2015
South Africa,Sub-Saharan Africa,116,4.459,2016
South Africa,Sub-Saharan Africa,101,4.8289999961853,2017
South Africa,Sub-Saharan Africa,105,4.724,2018
South Africa,Sub-Saharan Africa,106,4.722,2019
South Africa,Sub-Saharan Africa,108,4.814099789,2020
Tanzania,Sub-Saharan Africa,146,3.781,2015
Tanzania,Sub-Saharan Africa,149,3.666,2016
Tanzania,Sub-Saharan Africa,153,3.34899997711182,2017
Tanzania,Sub-Saharan Africa,153,3.303,2018
Tanzania,Sub-Saharan Africa,153,3.2310000000000003,2019
Tanzania,Sub-Saharan Africa,147,3.476200104,2020
Togo,Sub-Saharan Africa,158,2.839,2015
Togo,Sub-Saharan Africa,155,3.303,2016
Togo,Sub-Saharan Africa,150,3.4949998855590803,2017
Togo,Sub-Saharan Africa,139,3.999,2018
Togo,Sub-Saharan Africa,139,4.085,2019
Togo,Sub-Saharan Africa,134,4.187200069,2020
Uganda,Sub-Saharan Africa,141,3.931,2015
Uganda,Sub-Saharan Africa,145,3.739,2016
Uganda,Sub-Saharan Africa,133,4.08099985122681,2017
Uganda,Sub-Saharan Africa,135,4.1610000000000005,2018
Uganda,Sub-Saharan Africa,136,4.189,2019
Uganda,Sub-Saharan Africa,125,4.43200016,2020
Zambia,Sub-Saharan Africa,85,5.129,2015
Zambia,Sub-Saharan Africa,106,4.795,2016
Zambia,Sub-Saharan Africa,116,4.513999938964839,2017
Zambia,Sub-Saharan Africa,125,4.377,2018
Zambia,Sub-Saharan Africa,138,4.107,2019
Zambia,Sub-Saharan Africa,140,3.759399891,2020
Zimbabwe,Sub-Saharan Africa,115,4.61,2015
Zimbabwe,Sub-Saharan Africa,131,4.1930000000000005,2016
Zimbabwe,Sub-Saharan Africa,138,3.875,2017
Zimbabwe,Sub-Saharan Africa,144,3.692,2018
Zimbabwe,Sub-Saharan Africa,146,3.663,2019
Zimbabwe,Sub-Saharan Africa,150,3.2992000580000003,2020
Austria,Western Europe,13,7.2,2015
Austria,Western Europe,12,7.119,2016
Austria,Western Europe,13,7.00600004196167,2017
Austria,Western Europe,12,7.138999999999999,2018
Austria,Western Europe,10,7.246,2019
Austria,Western Europe,8,7.294199944,2020
Belgium,Western Europe,19,6.937,2015
Belgium,Western Europe,18,6.928999999999999,2016
Belgium,Western Europe,17,6.89099979400635,2017
Belgium,Western Europe,16,6.9270000000000005,2018
Belgium,Western Europe,18,6.922999999999999,2019
Belgium,Western Europe,19,6.863500117999999,2020
Cyprus,Western Europe,67,5.689,2015
Cyprus,Western Europe,69,5.546,2016
Cyprus,Western Europe,65,5.62099981307983,2017
Cyprus,Western Europe,61,5.7620000000000005,2018
Cyprus,Western Europe,49,6.046,2019
Cyprus,Western Europe,44,6.15899992,2020
Denmark,Western Europe,3,7.527,2015
Denmark,Western Europe,1,7.526,2016
Denmark,Western Europe,2,7.52199983596802,2017
Denmark,Western Europe,3,7.555,2018
Denmark,Western Europe,2,7.6,2019
Denmark,Western Europe,1,7.645599842,2020
Finland,Western Europe,6,7.406000000000001,2015
Finland,Western Europe,5,7.412999999999999,2016
Finland,Western Europe,5,7.468999862670901,2017
Finland,Western Europe,1,7.632000000000001,2018
Finland,Western Europe,1,7.769,2019
Finland,Western Europe,0,7.808700085,2020
France,Western Europe,29,6.575,2015
France,Western Europe,32,6.478,2016
France,Western Europe,31,6.44199991226196,2017
France,Western Europe,23,6.489,2018
France,Western Europe,24,6.5920000000000005,2019
France,Western Europe,22,6.663799762999999,2020
Germany,Western Europe,26,6.75,2015
Germany,Western Europe,16,6.994,2016
Germany,Western Europe,16,6.9510002136230495,2017
Germany,Western Europe,15,6.965,2018
Germany,Western Europe,17,6.985,2019
Germany,Western Europe,16,7.075799942000001,2020
Greece,Western Europe,102,4.857,2015
Greece,Western Europe,99,5.033,2016
Greece,Western Europe,87,5.227000236511231,2017
Greece,Western Europe,79,5.358,2018
Greece,Western Europe,82,5.287000000000001,2019
Greece,Western Europe,76,5.514999866,2020
Iceland,Western Europe,2,7.561,2015
Iceland,Western Europe,3,7.501,2016
Iceland,Western Europe,3,7.50400018692017,2017
Iceland,Western Europe,4,7.495,2018
Iceland,Western Europe,4,7.494,2019
Iceland,Western Europe,3,7.504499912000001,2020
Ireland,Western Europe,18,6.94,2015
Ireland,Western Europe,19,6.907,2016
Ireland,Western Europe,15,6.977000236511231,2017
Ireland,Western Europe,14,6.977,2018
Ireland,Western Europe,16,7.021,2019
Ireland,Western Europe,15,7.093699932000001,2020
Italy,Western Europe,50,5.948,2015
Italy,Western Europe,50,5.977,2016
Italy,Western Europe,48,5.96400022506714,2017
Italy,Western Europe,47,6.0,2018
Italy,Western Europe,36,6.223,2019
Italy,Western Europe,29,6.38740015,2020
Luxembourg,Western Europe,17,6.946000000000001,2015
Luxembourg,Western Europe,20,6.871,2016
Luxembourg,Western Europe,18,6.86299991607666,2017
Luxembourg,Western Europe,17,6.91,2018
Luxembourg,Western Europe,14,7.09,2019
Luxembourg,Western Europe,9,7.237500191,2020
Malta,Western Europe,37,6.3020000000000005,2015
Malta,Western Europe,30,6.488,2016
Malta,Western Europe,27,6.52699995040894,2017
Malta,Western Europe,22,6.627000000000001,2018
Malta,Western Europe,22,6.726,2019
Malta,Western Europe,21,6.772799968999999,2020
Netherlands,Western Europe,7,7.377999999999999,2015
Netherlands,Western Europe,7,7.338999999999999,2016
Netherlands,Western Europe,6,7.3769998550415,2017
Netherlands,Western Europe,6,7.441,2018
Netherlands,Western Europe,5,7.487999999999999,2019
Netherlands,Western Europe,5,7.448900223,2020
North Cyprus,Western Europe,66,5.695,2015
North Cyprus,Western Europe,62,5.771,2016
North Cyprus,Western Europe,61,5.80999994277954,2017
North Cyprus,Western Europe,58,5.835,2018
North Cyprus,Western Europe,64,5.718,2019
North Cyprus,Western Europe,75,5.53550005,2020
Norway,Western Europe,4,7.522,2015
Norway,Western Europe,4,7.497999999999999,2016
Norway,Western Europe,1,7.537000179290769,2017
Norway,Western Europe,2,7.593999999999999,2018
Norway,Western Europe,3,7.553999999999999,2019
Norway,Western Europe,4,7.487999916000001,2020
Portugal,Western Europe,88,5.102,2015
Portugal,Western Europe,94,5.122999999999999,2016
Portugal,Western Europe,89,5.19500017166138,2017
Portugal,Western Europe,77,5.41,2018
Portugal,Western Europe,66,5.693,2019
Portugal,Western Europe,58,5.9109001160000005,2020
Spain,Western Europe,36,6.329,2015
Spain,Western Europe,37,6.361000000000001,2016
Spain,Western Europe,34,6.40299987792969,2017
Spain,Western Europe,36,6.31,2018
Spain,Western Europe,30,6.354,2019
Spain,Western Europe,27,6.4008998870000005,2020
Sweden,Western Europe,8,7.364,2015
Sweden,Western Europe,10,7.291,2016
Sweden,Western Europe,9,7.28399991989136,2017
Sweden,Western Europe,9,7.314,2018
Sweden,Western Europe,7,7.343,2019
Sweden,Western Europe,6,7.353499889,2020
Switzerland,Western Europe,1,7.587000000000001,2015
Switzerland,Western Europe,2,7.508999999999999,2016
Switzerland,Western Europe,4,7.49399995803833,2017
Switzerland,Western Europe,5,7.487,2018
Switzerland,Western Europe,6,7.48,2019
Switzerland,Western Europe,2,7.559899807000001,2020
United Kingdom,Western Europe,21,6.867000000000001,2015
United Kingdom,Western Europe,23,6.725,2016
United Kingdom,Western Europe,19,6.71400022506714,2017
United Kingdom,Western Europe,11,7.19,2018
United Kingdom,Western Europe,15,7.053999999999999,2019
United Kingdom,Western Europe,12,7.164500237,2020
Finland,Western Europe,1,7.842,2021
Denmark,Western Europe,2,7.62,2021
Switzerland,Western Europe,3,7.571,2021
Iceland,Western Europe,4,7.554,2021
Netherlands,Western Europe,5,7.464,2021
Norway,Western Europe,6,7.392,2021
Sweden,Western Europe,7,7.363,2021
Luxembourg,Western Europe,8,7.324,2021
New Zealand,Australia and New Zealand,9,7.277,2021
Austria,Western Europe,10,7.268,2021
Australia,Australia and New Zealand,11,7.183,2021
Israel,Middle East and Northern Africa,12,7.157,2021
Germany,Western Europe,13,7.155,2021
Canada,North America,14,7.103,2021
Ireland,Western Europe,15,7.085,2021
Costa Rica,Latin America and Caribbean,16,7.069,2021
United Kingdom,Western Europe,17,7.064,2021
Czech Republic,Central and Eastern Europe,18,6.965,2021
United States,North America,19,6.951,2021
Belgium,Western Europe,20,6.834,2021
France,Western Europe,21,6.69,2021
Bahrain,Middle East and Northern Africa,22,6.647,2021
Malta,Western Europe,23,6.602,2021
Taiwan,Eastern Asia,24,6.584,2021
United Arab Emirates,Middle East and Northern Africa,25,6.561,2021
Saudi Arabia,Middle East and Northern Africa,26,6.494,2021
Spain,Western Europe,27,6.491,2021
Italy,Western Europe,28,6.483,2021
Slovenia,Central and Eastern Europe,29,6.461,2021
Guatemala,Latin America and Caribbean,30,6.435,2021
Uruguay,Latin America and Caribbean,31,6.431,2021
Singapore,Southeastern Asia,32,6.377,2021
Kosovo,Central and Eastern Europe,33,6.372,2021
Slovakia,Central and Eastern Europe,34,6.331,2021
Brazil,Latin America and Caribbean,35,6.33,2021
Mexico,Latin America and Caribbean,36,6.317,2021
Jamaica,Latin America and Caribbean,37,6.309,2021
Lithuania,Central and Eastern Europe,38,6.255,2021
Cyprus,Western Europe,39,6.223,2021
Estonia,Central and Eastern Europe,40,6.189,2021
Panama,Latin America and Caribbean,41,6.18,2021
Uzbekistan,Central and Eastern Europe,42,6.179,2021
Chile,Latin America and Caribbean,43,6.172,2021
Poland,Central and Eastern Europe,44,6.166,2021
Kazakhstan,Central and Eastern Europe,45,6.152,2021
Romania,Central and Eastern Europe,46,6.14,2021
Kuwait,Middle East and Northern Africa,47,6.106,2021
Serbia,Central and Eastern Europe,48,6.078,2021
El Salvador,Latin America and Caribbean,49,6.061,2021
Mauritius,Sub-Saharan Africa,50,6.049,2021
Latvia,Central and Eastern Europe,51,6.032,2021
Colombia,Latin America and Caribbean,52,6.012,2021
Hungary,Central and Eastern Europe,53,5.992,2021
Thailand,Southeastern Asia,54,5.985,2021
Nicaragua,Latin America and Caribbean,55,5.972,2021
Japan,Eastern Asia,56,5.94,2021
Portugal,Western Europe,57,5.929,2021
Argentina,Latin America and Caribbean,58,5.929,2021
Honduras,Latin America and Caribbean,59,5.919,2021
Croatia,Central and Eastern Europe,60,5.882,2021
Philippines,Southeastern Asia,61,5.88,2021
South Korea,Eastern Asia,62,5.845,2021
Peru,Latin America and Caribbean,63,5.84,2021
Bosnia and Herzegovina,Central and Eastern Europe,64,5.813,2021
Moldova,Central and Eastern Europe,65,5.766,2021
Ecuador,Latin America and Caribbean,66,5.764,2021
Kyrgyzstan,Central and Eastern Europe,67,5.744,2021
Greece,Western Europe,68,5.723,2021
Bolivia,Latin America and Caribbean,69,5.716,2021
Mongolia,Eastern Asia,70,5.677,2021
Paraguay,Latin America and Caribbean,71,5.653,2021
Montenegro,Central and Eastern Europe,72,5.581,2021
Dominican Republic,Latin America and Caribbean,73,5.545,2021
North Cyprus,Western Europe,74,5.536,2021
Belarus,Central and Eastern Europe,75,5.534,2021
Russia,Central and Eastern Europe,76,5.477,2021
Tajikistan,Central and Eastern Europe,78,5.466,2021
Vietnam,Southeastern Asia,79,5.411,2021
Libya,Middle East and Northern Africa,80,5.41,2021
Malaysia,Southeastern Asia,81,5.384,2021
Indonesia,Southeastern Asia,82,5.345,2021
China,Eastern Asia,84,5.339,2021
Ivory Coast,Sub-Saharan Africa,85,5.306,2021
Armenia,Central and Eastern Europe,86,5.283,2021
Nepal,Southern Asia,87,5.269,2021
Bulgaria,Central and Eastern Europe,88,5.266,2021
Azerbaijan,Central and Eastern Europe,90,5.171,2021
Cameroon,Sub-Saharan Africa,91,5.142,2021
Senegal,Sub-Saharan Africa,92,5.132,2021
Albania,Central and Eastern Europe,93,5.117,2021
Ghana,Sub-Saharan Africa,95,5.088,2021
Niger,Sub-Saharan Africa,96,5.074,2021
Turkmenistan,Central and Eastern Europe,97,5.066,2021
Benin,Sub-Saharan Africa,99,5.045,2021
Bangladesh,Southern Asia,101,5.025,2021
Guinea,Sub-Saharan Africa,102,4.984,2021
South Africa,Sub-Saharan Africa,103,4.956,2021
Turkey,Middle East and Northern Africa,104,4.948,2021
Pakistan,Southern Asia,105,4.934,2021
Morocco,Middle East and Northern Africa,106,4.918,2021
Venezuela,Latin America and Caribbean,107,4.892,2021
Georgia,Central and Eastern Europe,108,4.891,2021
Algeria,Middle East and Northern Africa,109,4.887,2021
Ukraine,Central and Eastern Europe,110,4.875,2021
Iraq,Middle East and Northern Africa,111,4.854,2021
Gabon,Sub-Saharan Africa,112,4.852,2021
Burkina Faso,Sub-Saharan Africa,113,4.834,2021
Cambodia,Southeastern Asia,114,4.83,2021
Nigeria,Sub-Saharan Africa,116,4.759,2021
Mali,Sub-Saharan Africa,117,4.723,2021
Iran,Middle East and Northern Africa,118,4.721,2021
Uganda,Sub-Saharan Africa,119,4.636,2021
Liberia,Sub-Saharan Africa,120,4.625,2021
Kenya,Sub-Saharan Africa,121,4.607,2021
Tunisia,Middle East and Northern Africa,122,4.596,2021
Lebanon,Middle East and Northern Africa,123,4.584,2021
Palestinian Territories,Middle East and Northern Africa,125,4.517,2021
Myanmar,Southeastern Asia,126,4.426,2021
Jordan,Middle East and Northern Africa,127,4.395,2021
Chad,Sub-Saharan Africa,128,4.355,2021
Sri Lanka,Southern Asia,129,4.325,2021
Egypt,Middle East and Northern Africa,132,4.283,2021
Ethiopia,Sub-Saharan Africa,133,4.275,2021
Mauritania,Sub-Saharan Africa,134,4.227,2021
Madagascar,Sub-Saharan Africa,135,4.208,2021
Togo,Sub-Saharan Africa,136,4.107,2021
Zambia,Sub-Saharan Africa,137,4.073,2021
Sierra Leone,Sub-Saharan Africa,138,3.849,2021
India,Southern Asia,139,3.819,2021
Yemen,Middle East and Northern Africa,141,3.658,2021
Tanzania,Sub-Saharan Africa,142,3.623,2021
Malawi,Sub-Saharan Africa,144,3.6,2021
Botswana,Sub-Saharan Africa,146,3.467,2021
Rwanda,Sub-Saharan Africa,147,3.415,2021
Zimbabwe,Sub-Saharan Africa,148,3.145,2021
Afghanistan,Southern Asia,149,2.523,2021
Finland,Western Europe,1,7.821,2022
Denmark,Western Europe,2,7.636,2022
Iceland,Western Europe,3,7.557,2022
Switzerland,Western Europe,4,7.512,2022
Netherlands,Western Europe,5,7.415,2022
Luxembourg,Western Europe,6,7.404,2022
Sweden,Western Europe,7,7.384,2022
Norway,Western Europe,8,7.365,2022
Israel,Middle East and Northern Africa,9,7.364,2022
New Zealand,Australia and New Zealand,10,7.2,2022
Austria,Western Europe,11,7.163,2022
Australia,Australia and New Zealand,12,7.162,2022
Ireland,Western Europe,13,7.041,2022
Germany,Western Europe,14,7.034,2022
Canada,North America,15,7.025,2022
United States,North America,16,6.977,2022
United Kingdom,Western Europe,17,6.943,2022
Czech Republic,Central and Eastern Europe,18,6.92,2022
Belgium,Western Europe,19,6.805,2022
France,Western Europe,20,6.687,2022
Bahrain,Middle East and Northern Africa,21,6.647,2022
Slovenia,Central and Eastern Europe,22,6.63,2022
Costa Rica,Latin America and Caribbean,23,6.582,2022
United Arab Emirates,Middle East and Northern Africa,24,6.576,2022
Saudi Arabia,Middle East and Northern Africa,25,6.523,2022
Taiwan,Eastern Asia,26,6.512,2022
Singapore,Southeastern Asia,27,6.48,2022
Romania,Central and Eastern Europe,28,6.477,2022
Spain,Western Europe,29,6.476,2022
Uruguay,Latin America and Caribbean,30,6.474,2022
Italy,Western Europe,31,6.467,2022
Kosovo,Central and Eastern Europe,32,6.455,2022
Malta,Western Europe,33,6.447,2022
Lithuania,Central and Eastern Europe,34,6.446,2022
Slovakia,Central and Eastern Europe,35,6.391,2022
Estonia,Central and Eastern Europe,36,6.341,2022
Panama,Latin America and Caribbean,37,6.309,2022
Brazil,Latin America and Caribbean,38,6.293,2022
Guatemala,Latin America and Caribbean,39,6.262,2022
Kazakhstan,Central and Eastern Europe,40,6.234,2022
Cyprus,Western Europe,41,6.221,2022
Latvia,Central and Eastern Europe,42,6.18,2022
Serbia,Central and Eastern Europe,43,6.178,2022
Chile,Latin America and Caribbean,44,6.172,2022
Nicaragua,Latin America and Caribbean,45,6.165,2022
Mexico,Latin America and Caribbean,46,6.128,2022
Croatia,Central and Eastern Europe,47,6.125,2022
Poland,Central and Eastern Europe,48,6.123,2022
El Salvador,Latin America and Caribbean,49,6.12,2022
Kuwait,Middle East and Northern Africa,50,6.106,2022
Hungary,Central and Eastern Europe,51,6.086,2022
Mauritius,Sub-Saharan Africa,52,6.071,2022
Uzbekistan,Central and Eastern Europe,53,6.063,2022
Japan,Eastern Asia,54,6.039,2022
Honduras,Latin America and Caribbean,55,6.022,2022
Portugal,Western Europe,56,6.016,2022
Argentina,Latin America and Caribbean,57,5.967,2022
Greece,Western Europe,58,5.948,2022
South Korea,Eastern Asia,59,5.935,2022
Philippines,Southeastern Asia,60,5.904,2022
Thailand,Southeastern Asia,61,5.891,2022
Moldova,Central and Eastern Europe,62,5.857,2022
Jamaica,Latin America and Caribbean,63,5.85,2022
Kyrgyzstan,Central and Eastern Europe,64,5.828,2022
Belarus,Central and Eastern Europe,65,5.821,2022
Colombia,Latin America and Caribbean,66,5.781,2022
Bosnia and Herzegovina,Central and Eastern Europe,67,5.768,2022
Mongolia,Eastern Asia,68,5.761,2022
Dominican Republic,Latin America and Caribbean,69,5.737,2022
Malaysia,Southeastern Asia,70,5.711,2022
Bolivia,Latin America and Caribbean,71,5.6,2022
China,Eastern Asia,72,5.585,2022
Paraguay,Latin America and Caribbean,73,5.578,2022
Peru,Latin America and Caribbean,74,5.559,2022
Montenegro,Central and Eastern Europe,75,5.547,2022
Ecuador,Latin America and Caribbean,76,5.533,2022
Vietnam,Southeastern Asia,77,5.485,2022
Turkmenistan,Central and Eastern Europe,78,5.474,2022
North Cyprus,Western Europe,79,5.467,2022
Russia,Central and Eastern Europe,80,5.459,2022
Armenia,Central and Eastern Europe,82,5.399,2022
Nepal,Southern Asia,83,5.377,2022
Tajikistan,Central and Eastern Europe,84,5.377,2022
Bulgaria,Central and Eastern Europe,85,5.371,2022
Libya,Middle East and Northern Africa,86,5.33,2022
Indonesia,Southeastern Asia,87,5.24,2022
Ivory Coast,Sub-Saharan Africa,88,5.235,2022
Albania,Central and Eastern Europe,90,5.199,2022
South Africa,Sub-Saharan Africa,91,5.194,2022
Azerbaijan,Central and Eastern Europe,92,5.173,2022
Bangladesh,Southern Asia,94,5.155,2022
Algeria,Middle East and Northern Africa,96,5.122,2022
Liberia,Sub-Saharan Africa,97,5.122,2022
Ukraine,Central and Eastern Europe,98,5.084,2022
Morocco,Middle East and Northern Africa,100,5.06,2022
Cameroon,Sub-Saharan Africa,101,5.048,2022
Senegal,Sub-Saharan Africa,103,5.046,2022
Niger,Sub-Saharan Africa,104,5.003,2022
Georgia,Central and Eastern Europe,105,4.973,2022
Gabon,Sub-Saharan Africa,106,4.958,2022
Iraq,Middle East and Northern Africa,107,4.941,2022
Venezuela,Latin America and Caribbean,108,4.925,2022
Guinea,Sub-Saharan Africa,109,4.891,2022
Iran,Middle East and Northern Africa,110,4.888,2022
Ghana,Sub-Saharan Africa,111,4.872,2022
Turkey,Middle East and Northern Africa,112,4.744,2022
Burkina Faso,Sub-Saharan Africa,113,4.67,2022
Cambodia,Southeastern Asia,114,4.64,2022
Benin,Sub-Saharan Africa,115,4.623,2022
Uganda,Sub-Saharan Africa,117,4.603,2022
Nigeria,Sub-Saharan Africa,118,4.552,2022
Kenya,Sub-Saharan Africa,119,4.543,2022
Pakistan,Southern Asia,120,4.516,2022
Tunisia,Middle East and Northern Africa,121,4.516,2022
Palestinian Territories,Middle East and Northern Africa,122,4.483,2022
Mali,Sub-Saharan Africa,123,4.479,2022
Myanmar,Southeastern Asia,126,4.394,2022
Sri Lanka,Southern Asia,127,4.362,2022
Madagascar,Sub-Saharan Africa,128,4.339,2022
Egypt,Middle East and Northern Africa,129,4.288,2022
Chad,Sub-Saharan Africa,130,4.251,2022
Ethiopia,Sub-Saharan Africa,131,4.241,2022
Yemen,Middle East and Northern Africa,132,4.197,2022
Mauritania,Sub-Saharan Africa,133,4.153,2022
Jordan,Middle East and Northern Africa,134,4.152,2022
Togo,Sub-Saharan Africa,135,4.112,2022
India,Southern Asia,136,3.777,2022
Zambia,Sub-Saharan Africa,137,3.76,2022
Malawi,Sub-Saharan Africa,138,3.75,2022
Tanzania,Sub-Saharan Africa,139,3.702,2022
Sierra Leone,Sub-Saharan Africa,140,3.574,2022
Botswana,Sub-Saharan Africa,142,3.471,2022
Rwanda,Sub-Saharan Africa,143,3.268,2022
Zimbabwe,Sub-Saharan Africa,144,2.995,2022
Lebanon,Middle East and Northern Africa,145,2.955,2022
Afghanistan,Southern Asia,146,2.404,2022
